t,AUC,k,AUC
2,0.470293661,3,0.320793372
3,0.6058481,4,0.639247656
5,0.559488491,5,0.62923913
10,0.541272379,6,0.571982097
20,0.555626598,7,0.542295396
50,0.578905584,8,0.554787404
100,0.604504476,9,0.641754582
