groupGMM,GMM
1,0.51063829787234
1,0.702127659574468
1,0.666666666666667
1,0.595744680851064
1,0.659574468085106
1,0.75177304964539
1,0.971631205673759
1,0.602836879432624
1,0.517730496453901
